id,name,image,email,role
scott-heggen,Dr. Scott Heggen,drHeggen1.jpeg,heggens@berea.edu,Professor
jan-pearce,Dr. Jan Pearce,drPearce1.jpg,pearcej@berea.edu,Professor
mario-nakazawa,Dr. Mario Nakazawa,drNakazawa1.jpg,nakazawam@berea.edu,Professor
jasmine-jones,Dr. Jasmine Jones,drJones1.jpg,jonesj2@berea.edu,Professor
jacqueline-boggs,Dr. Jacqueline "Jacci" Boggs,drBoggs1.png,boggsj@berea.edu,Professor
deanna-wilborne,Prof. Deanna Wilborne,profWilborne1.jpeg,wilborned@berea.edu,Professor
brian-ramsey,Brian Ramsey,brian1.png,ramseyb@berea.edu,Staff
